<?xml version="1.0" encoding="utf-8"?>
<EventHandler xmlns:xsi="http://www.w3.org/2001/XMLSchema-instance" xmlns:xsd="http://www.w3.org/2001/XMLSchema">
  <ManifestVersion>0.1.6488</ManifestVersion>
  <StaticEvents>
    <EventObjectModel>
      <TransponderModel>
        <SelectedTransponderTriggerType>AccessGranted</SelectedTransponderTriggerType>
        <LockModels>
          <LockModel>
            <LockPHI>$dont care</LockPHI>
            <LockName>$dont care</LockName>
            <DoorMonitoringTrigger />
          </LockModel>
        </LockModels>
        <TransponderPHI>$dont care</TransponderPHI>
        <TransponderName>$dont care</TransponderName>
      </TransponderModel>
      <EventObjectID>1414709615</EventObjectID>
      <HasConfiguration>true</HasConfiguration>
      <IsDynamicEvent>false</IsDynamicEvent>
      <IsSelected>false</IsSelected>
      <IsEnabled>true</IsEnabled>
      <EventName>unerwünschte Transponderbenutzung</EventName>
      <EventDescription>Notausgangstüre wurde genutzt</EventDescription>
      <EventType>UnlockingEvent</EventType>
      <ResponseCollection>
        <ResponseObjectModel>
          <ResponseObjectID>944858794</ResponseObjectID>
          <IsEnabled>true</IsEnabled>
          <HasConfiguration>true</HasConfiguration>
          <HasSchedule>false</HasSchedule>
          <ResponseName>Nachricht an Smartphone Geschäftsleitung</ResponseName>
          <ResponseDescription>Reaktionsbeschreibung (optional)</ResponseDescription>
          <ResponseType>MessageTELEGRAM</ResponseType>
          <ResponseObject xsi:type="TelegramMessageObjectModel">
            <Bot2Use>
              <Token>428611575:AAFUXaerDYMSui0L-Hiq94iVqIYrnIaQNgQ</Token>
              <TelegramUsers>
                <TelegramUser>
                  <UserStatus>UserIsAdmin</UserStatus>
                  <chatID>281812596</chatID>
                </TelegramUser>
                <TelegramUser>
                  <UserStatus>UserIsRegistered</UserStatus>
                  <chatID>436837938</chatID>
                </TelegramUser>
              </TelegramUsers>
              <BotName>EventMessengerBot</BotName>
            </Bot2Use>
          </ResponseObject>
          <Scheduler>
            <Schedule />
          </Scheduler>
        </ResponseObjectModel>
        <ResponseObjectModel>
          <ResponseObjectID>1691391718</ResponseObjectID>
          <IsEnabled>true</IsEnabled>
          <HasConfiguration>true</HasConfiguration>
          <HasSchedule>false</HasSchedule>
          <ResponseName>Telegram Nachricht 2</ResponseName>
          <ResponseDescription>Reaktionsbeschreibung (optional)</ResponseDescription>
          <ResponseType>MessageTELEGRAM</ResponseType>
          <ResponseObject xsi:type="TelegramMessageObjectModel">
            <Bot2Use>
              <Token>311230302:AAFXM521RHKcFEUZqvUMW1ZXZsVHZLBbilE</Token>
              <TelegramUsers>
                <TelegramUser>
                  <UserStatus>UserIsAdmin</UserStatus>
                  <chatID>436837938</chatID>
                </TelegramUser>
              </TelegramUsers>
              <BotName>EventAgent2Bot</BotName>
            </Bot2Use>
          </ResponseObject>
          <Scheduler>
            <Schedule />
          </Scheduler>
        </ResponseObjectModel>
      </ResponseCollection>
      <LastSeenDataGridRowContent>26.09.2017 09:46:53</LastSeenDataGridRowContent>
    </EventObjectModel>
    <EventObjectModel>
      <TransponderModel>
        <LockModels>
          <LockModel>
            <LockPHI>$dont care</LockPHI>
            <LockName>$dont care</LockName>
            <DoorMonitoringTrigger>
              <string>DoorHasBeenOpened</string>
              <string>DoorStaysOpenTooLong</string>
              <string>DoorHasBeenClosed</string>
            </DoorMonitoringTrigger>
          </LockModel>
        </LockModels>
        <TransponderPHI>$dont care</TransponderPHI>
        <TransponderName>$dont care</TransponderName>
      </TransponderModel>
      <EventObjectID>1791526943</EventObjectID>
      <HasConfiguration>true</HasConfiguration>
      <IsDynamicEvent>false</IsDynamicEvent>
      <IsSelected>false</IsSelected>
      <IsEnabled>true</IsEnabled>
      <EventName>Türe offen gelassen</EventName>
      <EventDescription>Ereignisbeschreibung</EventDescription>
      <EventType>DoorMonitoringEvent</EventType>
      <ResponseCollection>
        <ResponseObjectModel>
          <ResponseObjectID>623906767</ResponseObjectID>
          <IsEnabled>true</IsEnabled>
          <HasConfiguration>true</HasConfiguration>
          <HasSchedule>false</HasSchedule>
          <ResponseName>Telegram an EventAgent</ResponseName>
          <ResponseDescription>Reaktionsbeschreibung (optional)</ResponseDescription>
          <ResponseType>MessageTELEGRAM</ResponseType>
          <ResponseObject xsi:type="TelegramMessageObjectModel">
            <Bot2Use>
              <Token>428611575:AAFUXaerDYMSui0L-Hiq94iVqIYrnIaQNgQ</Token>
              <TelegramUsers>
                <TelegramUser>
                  <UserStatus>UserIsAdmin</UserStatus>
                  <chatID>281812596</chatID>
                </TelegramUser>
                <TelegramUser>
                  <UserStatus>UserIsRegistered</UserStatus>
                  <chatID>436837938</chatID>
                </TelegramUser>
              </TelegramUsers>
              <BotName>EventMessengerBot</BotName>
            </Bot2Use>
          </ResponseObject>
          <Scheduler>
            <Schedule />
          </Scheduler>
        </ResponseObjectModel>
        <ResponseObjectModel>
          <ResponseObjectID>229398547</ResponseObjectID>
          <IsEnabled>true</IsEnabled>
          <HasConfiguration>true</HasConfiguration>
          <HasSchedule>true</HasSchedule>
          <ResponseName>Email an Hausverwaltung</ResponseName>
          <ResponseDescription>Reaktionsbeschreibung (optional)</ResponseDescription>
          <ResponseType>MessageEMAIL</ResponseType>
          <ResponseObject xsi:type="EMailResponseObjectModel">
            <FromAddress>c3rebro@gmail.com</FromAddress>
            <ToAddress>mail@steven-online.at</ToAddress>
            <Subject>Testmail</Subject>
            <SMTPServerName>c3rebro@gmail.com</SMTPServerName>
            <PortNumber>587</PortNumber>
            <IsSSLEnabled>true</IsSSLEnabled>
            <UseDefaultCredentials>false</UseDefaultCredentials>
            <UserName>c3rebro@gmail.com</UserName>
            <Password>dOnIpjokST1b3AOk6w//XN52jVbO/R7iY6RoiTdgIgrQCeWLihA8zVR3Ed2EePKrpL/PpYlLuyHorQqWwe2fPQ8YSs6LvwryBW6u7A/k+MBV4rAejQ4pcCNLHy5prgya</Password>
          </ResponseObject>
          <Scheduler>
            <Schedule>
              <Period>
                <Begin>2017-09-01T00:07:59</Begin>
                <End>2017-09-02T01:07:59</End>
                <RepeatType>ScheduleRepeatWeekly</RepeatType>
              </Period>
              <Period>
                <Begin>2017-09-13T00:07:59</Begin>
                <End>2017-09-13T01:07:59</End>
                <RepeatType>ScheduleRepeatNone</RepeatType>
              </Period>
            </Schedule>
          </Scheduler>
        </ResponseObjectModel>
      </ResponseCollection>
      <LastSeenDataGridRowContent>26.09.2017 09:47:07</LastSeenDataGridRowContent>
    </EventObjectModel>
    <EventObjectModel>
      <InputModel>
        <InputName>Input1</InputName>
        <Address>0x0027</Address>
        <InputTriggerType>BothEdges</InputTriggerType>
      </InputModel>
      <EventObjectID>1075811640</EventObjectID>
      <HasConfiguration>true</HasConfiguration>
      <IsDynamicEvent>false</IsDynamicEvent>
      <IsSelected>false</IsSelected>
      <IsEnabled>true</IsEnabled>
      <EventName>Lichtschranke unterbrochen</EventName>
      <EventDescription>Ereignisbeschreibung</EventDescription>
      <EventType>InputEvent</EventType>
      <ResponseCollection>
        <ResponseObjectModel>
          <ResponseObjectID>817412868</ResponseObjectID>
          <IsEnabled>false</IsEnabled>
          <HasConfiguration>true</HasConfiguration>
          <HasSchedule>false</HasSchedule>
          <ResponseName>Telegram an WSD</ResponseName>
          <ResponseDescription>Reaktionsbeschreibung (optional)</ResponseDescription>
          <ResponseType>MessageTELEGRAM</ResponseType>
          <ResponseObject xsi:type="TelegramMessageObjectModel">
            <Bot2Use>
              <Token>428611575:AAFUXaerDYMSui0L-Hiq94iVqIYrnIaQNgQ</Token>
              <TelegramUsers>
                <TelegramUser>
                  <UserStatus>UserIsAdmin</UserStatus>
                  <chatID>281812596</chatID>
                </TelegramUser>
                <TelegramUser>
                  <UserStatus>UserIsRegistered</UserStatus>
                  <chatID>436837938</chatID>
                </TelegramUser>
              </TelegramUsers>
              <BotName>EventMessengerBot</BotName>
            </Bot2Use>
          </ResponseObject>
          <Scheduler>
            <Schedule />
          </Scheduler>
        </ResponseObjectModel>
        <ResponseObjectModel>
          <ResponseObjectID>748461977</ResponseObjectID>
          <IsEnabled>true</IsEnabled>
          <HasConfiguration>true</HasConfiguration>
          <HasSchedule>false</HasSchedule>
          <ResponseName>Reaktionsbezeichnung</ResponseName>
          <ResponseDescription>Reaktionsbeschreibung (optional)</ResponseDescription>
          <ResponseType>DeviceKMTronic</ResponseType>
          <ResponseObject xsi:type="KMTronicModel">
            <DeviceType>W2CR</DeviceType>
            <RelayContactCollection>
              <RelayContact>
                <State>false</State>
                <Behavior>RelayContactIsToggle</Behavior>
                <RelayNumber>1</RelayNumber>
                <Time>5</Time>
              </RelayContact>
            </RelayContactCollection>
            <UserName>admin</UserName>
            <Password>admin</Password>
            <HostName>10.0.0.100</HostName>
            <PortNumber>80</PortNumber>
          </ResponseObject>
          <Scheduler>
            <Schedule />
          </Scheduler>
        </ResponseObjectModel>
      </ResponseCollection>
      <LastSeenDataGridRowContent>05.10.2017 23:51:54</LastSeenDataGridRowContent>
    </EventObjectModel>
  </StaticEvents>
</EventHandler>