<?xml version="1.0" encoding="utf-8"?>
<ChipTaskHandlerModel xmlns:xsi="http://www.w3.org/2001/XMLSchema-instance" xmlns:xsd="http://www.w3.org/2001/XMLSchema">
  <ManifestVersion>0.0.1</ManifestVersion>
  <TaskCollection>
    <anyType xsi:type="MifareDesfireSetupViewModel">
      <taskErr>Empty</taskErr>
      <SelectedDesfireMasterKeyEncryptionTypeCurrent>DF_KEY_AES</SelectedDesfireMasterKeyEncryptionTypeCurrent>
      <DesfireMasterKeyCurrent>00000000000000000000000000000000</DesfireMasterKeyCurrent>
      <IsValidDesfireMasterKeyCurrent xsi:nil="true" />
      <SelectedDesfireMasterKeyEncryptionTypeTarget>DF_KEY_AES</SelectedDesfireMasterKeyEncryptionTypeTarget>
      <DesfireMasterKeyTarget>00000000000000000000000000000000</DesfireMasterKeyTarget>
      <DesfireMasterKeyTargetRetyped>00000000000000000000000000000000</DesfireMasterKeyTargetRetyped>
      <IsValidDesfireMasterKeyTarget xsi:nil="true" />
      <IsValidDesfireMasterKeyTargetRetyped xsi:nil="true" />
      <SelectedDesfireAppKeyEncryptionTypeCreateNewApp>DF_KEY_DES</SelectedDesfireAppKeyEncryptionTypeCreateNewApp>
      <SelectedDesfireAppMaxNumberOfKeys>MifareDesfireKey01</SelectedDesfireAppMaxNumberOfKeys>
      <SelectedDesfireAppKeySettingsCreateNewApp>KS_CHANGE_KEY_WITH_MK</SelectedDesfireAppKeySettingsCreateNewApp>
      <AppNumberNew>1</AppNumberNew>
      <IsValidAppNumberNew xsi:nil="true" />
      <SelectedDesfireAppKeyEncryptionTypeCurrent>DF_KEY_AES</SelectedDesfireAppKeyEncryptionTypeCurrent>
      <SelectedDesfireAppKeyNumberCurrent>MifareDesfireKey00</SelectedDesfireAppKeyNumberCurrent>
      <DesfireAppKeyCurrent>00000000000000000000000000000000</DesfireAppKeyCurrent>
      <IsValidDesfireAppKeyCurrent xsi:nil="true" />
      <AppNumberCurrent>0</AppNumberCurrent>
      <IsValidAppNumberCurrent xsi:nil="true" />
      <SelectedDesfireAppKeyEncryptionTypeTarget>DF_KEY_AES</SelectedDesfireAppKeyEncryptionTypeTarget>
      <SelectedDesfireAppKeyNumberTarget>MifareDesfireKey01</SelectedDesfireAppKeyNumberTarget>
      <DesfireAppKeyTarget>00000000000000000000000000000000</DesfireAppKeyTarget>
      <DesfireAppKeyTargetRetyped>00000000000000000000000000000000</DesfireAppKeyTargetRetyped>
      <IsValidDesfireAppKeyTarget xsi:nil="true" />
      <IsValidDesfireAppKeyTargetRetyped xsi:nil="true" />
      <AppNumberTarget>0</AppNumberTarget>
      <IsValidAppNumberTarget xsi:nil="true" />
      <ParentNodeViewModel>
        <ID>1065560965</ID>
        <Children />
        <ParentNodeHeader>TaskType: Task Description: 
ChipType: Unspecified</ParentNodeHeader>
        <TaskIndex>0</TaskIndex>
        <CardType>Unspecified</CardType>
        <IsExpanded>false</IsExpanded>
        <IsSelected>false</IsSelected>
        <IsTask>true</IsTask>
        <IsProgrammingCompletedSuccessfully xsi:nil="true" />
        <IsBeingProgrammed xsi:nil="true" />
      </ParentNodeViewModel>
      <DataAsByteArray />
      <SelectedTaskType>FormatDesfireCard</SelectedTaskType>
      <SelectedTaskIndex>0</SelectedTaskIndex>
      <IsTaskCompletedSuccessfully xsi:nil="true" />
      <IsValidSelectedAccessBitsTaskIndex>false</IsValidSelectedAccessBitsTaskIndex>
      <Caption>Authenticationdialog UID:[empty] Type:[none]</Caption>
    </anyType>
    <anyType xsi:type="MifareDesfireSetupViewModel">
      <taskErr>Empty</taskErr>
      <SelectedDesfireMasterKeyEncryptionTypeCurrent>DF_KEY_AES</SelectedDesfireMasterKeyEncryptionTypeCurrent>
      <DesfireMasterKeyCurrent>00000000000000000000000000000000</DesfireMasterKeyCurrent>
      <IsValidDesfireMasterKeyCurrent xsi:nil="true" />
      <SelectedDesfireMasterKeyEncryptionTypeTarget>DF_KEY_AES</SelectedDesfireMasterKeyEncryptionTypeTarget>
      <DesfireMasterKeyTarget>00000000000000000000000000000000</DesfireMasterKeyTarget>
      <DesfireMasterKeyTargetRetyped>00000000000000000000000000000000</DesfireMasterKeyTargetRetyped>
      <IsValidDesfireMasterKeyTarget xsi:nil="true" />
      <IsValidDesfireMasterKeyTargetRetyped xsi:nil="true" />
      <SelectedDesfireAppKeyEncryptionTypeCreateNewApp>DF_KEY_DES</SelectedDesfireAppKeyEncryptionTypeCreateNewApp>
      <SelectedDesfireAppMaxNumberOfKeys>MifareDesfireKey01</SelectedDesfireAppMaxNumberOfKeys>
      <SelectedDesfireAppKeySettingsCreateNewApp>KS_CHANGE_KEY_WITH_MK</SelectedDesfireAppKeySettingsCreateNewApp>
      <AppNumberNew>1</AppNumberNew>
      <IsValidAppNumberNew xsi:nil="true" />
      <SelectedDesfireAppKeyEncryptionTypeCurrent>DF_KEY_AES</SelectedDesfireAppKeyEncryptionTypeCurrent>
      <SelectedDesfireAppKeyNumberCurrent>MifareDesfireKey00</SelectedDesfireAppKeyNumberCurrent>
      <DesfireAppKeyCurrent>00000000000000000000000000000000</DesfireAppKeyCurrent>
      <IsValidDesfireAppKeyCurrent xsi:nil="true" />
      <AppNumberCurrent>0</AppNumberCurrent>
      <IsValidAppNumberCurrent xsi:nil="true" />
      <SelectedDesfireAppKeyEncryptionTypeTarget>DF_KEY_AES</SelectedDesfireAppKeyEncryptionTypeTarget>
      <SelectedDesfireAppKeyNumberTarget>MifareDesfireKey01</SelectedDesfireAppKeyNumberTarget>
      <DesfireAppKeyTarget>00000000000000000000000000000000</DesfireAppKeyTarget>
      <DesfireAppKeyTargetRetyped>00000000000000000000000000000000</DesfireAppKeyTargetRetyped>
      <IsValidDesfireAppKeyTarget xsi:nil="true" />
      <IsValidDesfireAppKeyTargetRetyped xsi:nil="true" />
      <AppNumberTarget>0</AppNumberTarget>
      <IsValidAppNumberTarget xsi:nil="true" />
      <ParentNodeViewModel>
        <ID>1631836673</ID>
        <Children />
        <ParentNodeHeader>TaskType: Task Description: 
ChipType: Unspecified</ParentNodeHeader>
        <TaskIndex>1</TaskIndex>
        <CardType>Unspecified</CardType>
        <IsExpanded>false</IsExpanded>
        <IsSelected>false</IsSelected>
        <IsTask>true</IsTask>
        <IsProgrammingCompletedSuccessfully xsi:nil="true" />
        <IsBeingProgrammed xsi:nil="true" />
      </ParentNodeViewModel>
      <DataAsByteArray />
      <SelectedTaskType>PICCMasterKeyChangeover</SelectedTaskType>
      <SelectedTaskIndex>1</SelectedTaskIndex>
      <SelectedTaskDescription>picc changeover</SelectedTaskDescription>
      <IsTaskCompletedSuccessfully xsi:nil="true" />
      <IsValidSelectedAccessBitsTaskIndex>false</IsValidSelectedAccessBitsTaskIndex>
      <Caption>Authenticationdialog UID:[empty] Type:[none]</Caption>
    </anyType>
    <anyType xsi:type="MifareDesfireSetupViewModel">
      <taskErr>Empty</taskErr>
      <SelectedDesfireMasterKeyEncryptionTypeCurrent>DF_KEY_AES</SelectedDesfireMasterKeyEncryptionTypeCurrent>
      <DesfireMasterKeyCurrent>00000000000000000000000000000000</DesfireMasterKeyCurrent>
      <IsValidDesfireMasterKeyCurrent xsi:nil="true" />
      <SelectedDesfireMasterKeyEncryptionTypeTarget>DF_KEY_AES</SelectedDesfireMasterKeyEncryptionTypeTarget>
      <DesfireMasterKeyTarget>00000000000000000000000000000000</DesfireMasterKeyTarget>
      <DesfireMasterKeyTargetRetyped>00000000000000000000000000000000</DesfireMasterKeyTargetRetyped>
      <IsValidDesfireMasterKeyTarget xsi:nil="true" />
      <IsValidDesfireMasterKeyTargetRetyped xsi:nil="true" />
      <SelectedDesfireAppKeyEncryptionTypeCreateNewApp>DF_KEY_AES</SelectedDesfireAppKeyEncryptionTypeCreateNewApp>
      <SelectedDesfireAppMaxNumberOfKeys>MifareDesfireKey03</SelectedDesfireAppMaxNumberOfKeys>
      <SelectedDesfireAppKeySettingsCreateNewApp>KS_DEFAULT</SelectedDesfireAppKeySettingsCreateNewApp>
      <AppNumberNew>100</AppNumberNew>
      <IsValidAppNumberNew>true</IsValidAppNumberNew>
      <SelectedDesfireAppKeyEncryptionTypeCurrent>DF_KEY_AES</SelectedDesfireAppKeyEncryptionTypeCurrent>
      <SelectedDesfireAppKeyNumberCurrent>MifareDesfireKey00</SelectedDesfireAppKeyNumberCurrent>
      <DesfireAppKeyCurrent>00000000000000000000000000000000</DesfireAppKeyCurrent>
      <IsValidDesfireAppKeyCurrent xsi:nil="true" />
      <AppNumberCurrent>0</AppNumberCurrent>
      <IsValidAppNumberCurrent xsi:nil="true" />
      <SelectedDesfireAppKeyEncryptionTypeTarget>DF_KEY_AES</SelectedDesfireAppKeyEncryptionTypeTarget>
      <SelectedDesfireAppKeyNumberTarget>MifareDesfireKey01</SelectedDesfireAppKeyNumberTarget>
      <DesfireAppKeyTarget>00000000000000000000000000000000</DesfireAppKeyTarget>
      <DesfireAppKeyTargetRetyped>00000000000000000000000000000000</DesfireAppKeyTargetRetyped>
      <IsValidDesfireAppKeyTarget xsi:nil="true" />
      <IsValidDesfireAppKeyTargetRetyped xsi:nil="true" />
      <AppNumberTarget>0</AppNumberTarget>
      <IsValidAppNumberTarget xsi:nil="true" />
      <ParentNodeViewModel>
        <ID>1677753120</ID>
        <Children />
        <ParentNodeHeader>TaskType: Task Description: 
ChipType: Unspecified</ParentNodeHeader>
        <TaskIndex>2</TaskIndex>
        <CardType>Unspecified</CardType>
        <IsExpanded>false</IsExpanded>
        <IsSelected>false</IsSelected>
        <IsTask>true</IsTask>
        <IsProgrammingCompletedSuccessfully xsi:nil="true" />
        <IsBeingProgrammed xsi:nil="true" />
      </ParentNodeViewModel>
      <DataAsByteArray />
      <SelectedTaskType>CreateApplication</SelectedTaskType>
      <SelectedTaskIndex>2</SelectedTaskIndex>
      <SelectedTaskDescription>create app 100</SelectedTaskDescription>
      <IsTaskCompletedSuccessfully xsi:nil="true" />
      <IsValidSelectedAccessBitsTaskIndex>false</IsValidSelectedAccessBitsTaskIndex>
      <Caption>Authenticationdialog UID:[empty] Type:[none]</Caption>
    </anyType>
    <anyType xsi:type="MifareDesfireSetupViewModel">
      <taskErr>Empty</taskErr>
      <SelectedDesfireMasterKeyEncryptionTypeCurrent>DF_KEY_AES</SelectedDesfireMasterKeyEncryptionTypeCurrent>
      <DesfireMasterKeyCurrent>00000000000000000000000000000000</DesfireMasterKeyCurrent>
      <IsValidDesfireMasterKeyCurrent xsi:nil="true" />
      <SelectedDesfireMasterKeyEncryptionTypeTarget>DF_KEY_AES</SelectedDesfireMasterKeyEncryptionTypeTarget>
      <DesfireMasterKeyTarget>00000000000000000000000000000000</DesfireMasterKeyTarget>
      <DesfireMasterKeyTargetRetyped>00000000000000000000000000000000</DesfireMasterKeyTargetRetyped>
      <IsValidDesfireMasterKeyTarget xsi:nil="true" />
      <IsValidDesfireMasterKeyTargetRetyped xsi:nil="true" />
      <SelectedDesfireAppKeyEncryptionTypeCreateNewApp>DF_KEY_AES</SelectedDesfireAppKeyEncryptionTypeCreateNewApp>
      <SelectedDesfireAppMaxNumberOfKeys>MifareDesfireKey03</SelectedDesfireAppMaxNumberOfKeys>
      <SelectedDesfireAppKeySettingsCreateNewApp>KS_DEFAULT</SelectedDesfireAppKeySettingsCreateNewApp>
      <AppNumberNew>100</AppNumberNew>
      <IsValidAppNumberNew>true</IsValidAppNumberNew>
      <SelectedDesfireAppKeyEncryptionTypeCurrent>DF_KEY_AES</SelectedDesfireAppKeyEncryptionTypeCurrent>
      <SelectedDesfireAppKeyNumberCurrent>MifareDesfireKey00</SelectedDesfireAppKeyNumberCurrent>
      <DesfireAppKeyCurrent>00000000000000000000000000000000</DesfireAppKeyCurrent>
      <IsValidDesfireAppKeyCurrent xsi:nil="true" />
      <AppNumberCurrent>100</AppNumberCurrent>
      <IsValidAppNumberCurrent>true</IsValidAppNumberCurrent>
      <SelectedDesfireAppKeyEncryptionTypeTarget>DF_KEY_AES</SelectedDesfireAppKeyEncryptionTypeTarget>
      <SelectedDesfireAppKeyNumberTarget>MifareDesfireKey00</SelectedDesfireAppKeyNumberTarget>
      <DesfireAppKeyTarget>00000000000000000000000000000000</DesfireAppKeyTarget>
      <DesfireAppKeyTargetRetyped>00000000000000000000000000000000</DesfireAppKeyTargetRetyped>
      <IsValidDesfireAppKeyTarget xsi:nil="true" />
      <IsValidDesfireAppKeyTargetRetyped xsi:nil="true" />
      <AppNumberTarget>100</AppNumberTarget>
      <IsValidAppNumberTarget>true</IsValidAppNumberTarget>
      <ParentNodeViewModel>
        <ID>1516958187</ID>
        <Children />
        <ParentNodeHeader>TaskType: Task Description: 
ChipType: Unspecified</ParentNodeHeader>
        <TaskIndex>3</TaskIndex>
        <CardType>Unspecified</CardType>
        <IsExpanded>false</IsExpanded>
        <IsSelected>false</IsSelected>
        <IsTask>true</IsTask>
        <IsProgrammingCompletedSuccessfully xsi:nil="true" />
        <IsBeingProgrammed xsi:nil="true" />
      </ParentNodeViewModel>
      <DataAsByteArray />
      <SelectedTaskType>ApplicationKeyChangeover</SelectedTaskType>
      <SelectedTaskIndex>3</SelectedTaskIndex>
      <SelectedTaskDescription>change appkey 0 of app 100</SelectedTaskDescription>
      <IsTaskCompletedSuccessfully xsi:nil="true" />
      <IsValidSelectedAccessBitsTaskIndex>false</IsValidSelectedAccessBitsTaskIndex>
      <Caption>Authenticationdialog UID:[empty] Type:[none]</Caption>
    </anyType>
    <anyType xsi:type="MifareDesfireSetupViewModel">
      <taskErr>Empty</taskErr>
      <SelectedDesfireMasterKeyEncryptionTypeCurrent>DF_KEY_AES</SelectedDesfireMasterKeyEncryptionTypeCurrent>
      <DesfireMasterKeyCurrent>00000000000000000000000000000000</DesfireMasterKeyCurrent>
      <IsValidDesfireMasterKeyCurrent xsi:nil="true" />
      <SelectedDesfireMasterKeyEncryptionTypeTarget>DF_KEY_AES</SelectedDesfireMasterKeyEncryptionTypeTarget>
      <DesfireMasterKeyTarget>00000000000000000000000000000000</DesfireMasterKeyTarget>
      <DesfireMasterKeyTargetRetyped>00000000000000000000000000000000</DesfireMasterKeyTargetRetyped>
      <IsValidDesfireMasterKeyTarget xsi:nil="true" />
      <IsValidDesfireMasterKeyTargetRetyped xsi:nil="true" />
      <SelectedDesfireAppKeyEncryptionTypeCreateNewApp>DF_KEY_DES</SelectedDesfireAppKeyEncryptionTypeCreateNewApp>
      <SelectedDesfireAppMaxNumberOfKeys>MifareDesfireKey01</SelectedDesfireAppMaxNumberOfKeys>
      <SelectedDesfireAppKeySettingsCreateNewApp>KS_CHANGE_KEY_WITH_MK</SelectedDesfireAppKeySettingsCreateNewApp>
      <AppNumberNew>100</AppNumberNew>
      <IsValidAppNumberNew>true</IsValidAppNumberNew>
      <SelectedDesfireAppKeyEncryptionTypeCurrent>DF_KEY_AES</SelectedDesfireAppKeyEncryptionTypeCurrent>
      <SelectedDesfireAppKeyNumberCurrent>MifareDesfireKey00</SelectedDesfireAppKeyNumberCurrent>
      <DesfireAppKeyCurrent>00000000000000000000000000000000</DesfireAppKeyCurrent>
      <IsValidDesfireAppKeyCurrent xsi:nil="true" />
      <AppNumberCurrent>0</AppNumberCurrent>
      <IsValidAppNumberCurrent xsi:nil="true" />
      <SelectedDesfireAppKeyEncryptionTypeTarget>DF_KEY_AES</SelectedDesfireAppKeyEncryptionTypeTarget>
      <SelectedDesfireAppKeyNumberTarget>MifareDesfireKey01</SelectedDesfireAppKeyNumberTarget>
      <DesfireAppKeyTarget>00000000000000000000000000000000</DesfireAppKeyTarget>
      <DesfireAppKeyTargetRetyped>00000000000000000000000000000000</DesfireAppKeyTargetRetyped>
      <IsValidDesfireAppKeyTarget xsi:nil="true" />
      <IsValidDesfireAppKeyTargetRetyped xsi:nil="true" />
      <AppNumberTarget>0</AppNumberTarget>
      <IsValidAppNumberTarget xsi:nil="true" />
      <ParentNodeViewModel>
        <ID>787982147</ID>
        <Children />
        <ParentNodeHeader>TaskType: Task Description: 
ChipType: Unspecified</ParentNodeHeader>
        <TaskIndex>8</TaskIndex>
        <CardType>Unspecified</CardType>
        <IsExpanded>false</IsExpanded>
        <IsSelected>false</IsSelected>
        <IsTask>true</IsTask>
        <IsProgrammingCompletedSuccessfully xsi:nil="true" />
        <IsBeingProgrammed xsi:nil="true" />
      </ParentNodeViewModel>
      <DataAsByteArray />
      <SelectedTaskType>DeleteApplication</SelectedTaskType>
      <SelectedTaskIndex>8</SelectedTaskIndex>
      <SelectedTaskDescription>remove app 100</SelectedTaskDescription>
      <IsTaskCompletedSuccessfully xsi:nil="true" />
      <IsValidSelectedAccessBitsTaskIndex>false</IsValidSelectedAccessBitsTaskIndex>
      <Caption>Authenticationdialog UID:[empty] Type:[none]</Caption>
    </anyType>
    <anyType xsi:type="MifareDesfireSetupViewModel">
      <taskErr>Empty</taskErr>
      <SelectedDesfireMasterKeyEncryptionTypeCurrent>DF_KEY_AES</SelectedDesfireMasterKeyEncryptionTypeCurrent>
      <DesfireMasterKeyCurrent>00000000000000000000000000000000</DesfireMasterKeyCurrent>
      <IsValidDesfireMasterKeyCurrent xsi:nil="true" />
      <SelectedDesfireMasterKeyEncryptionTypeTarget>DF_KEY_AES</SelectedDesfireMasterKeyEncryptionTypeTarget>
      <DesfireMasterKeyTarget>00000000000000000000000000000000</DesfireMasterKeyTarget>
      <DesfireMasterKeyTargetRetyped>00000000000000000000000000000000</DesfireMasterKeyTargetRetyped>
      <IsValidDesfireMasterKeyTarget xsi:nil="true" />
      <IsValidDesfireMasterKeyTargetRetyped xsi:nil="true" />
      <SelectedDesfireAppKeyEncryptionTypeCreateNewApp>DF_KEY_DES</SelectedDesfireAppKeyEncryptionTypeCreateNewApp>
      <SelectedDesfireAppMaxNumberOfKeys>MifareDesfireKey01</SelectedDesfireAppMaxNumberOfKeys>
      <SelectedDesfireAppKeySettingsCreateNewApp>KS_CHANGE_KEY_WITH_MK</SelectedDesfireAppKeySettingsCreateNewApp>
      <AppNumberNew>1</AppNumberNew>
      <IsValidAppNumberNew xsi:nil="true" />
      <SelectedDesfireAppKeyEncryptionTypeCurrent>DF_KEY_AES</SelectedDesfireAppKeyEncryptionTypeCurrent>
      <SelectedDesfireAppKeyNumberCurrent>MifareDesfireKey00</SelectedDesfireAppKeyNumberCurrent>
      <DesfireAppKeyCurrent>00000000000000000000000000000000</DesfireAppKeyCurrent>
      <IsValidDesfireAppKeyCurrent xsi:nil="true" />
      <AppNumberCurrent>0</AppNumberCurrent>
      <IsValidAppNumberCurrent xsi:nil="true" />
      <SelectedDesfireAppKeyEncryptionTypeTarget>DF_KEY_AES</SelectedDesfireAppKeyEncryptionTypeTarget>
      <SelectedDesfireAppKeyNumberTarget>MifareDesfireKey01</SelectedDesfireAppKeyNumberTarget>
      <DesfireAppKeyTarget>00000000000000000000000000000000</DesfireAppKeyTarget>
      <DesfireAppKeyTargetRetyped>00000000000000000000000000000000</DesfireAppKeyTargetRetyped>
      <IsValidDesfireAppKeyTarget xsi:nil="true" />
      <IsValidDesfireAppKeyTargetRetyped xsi:nil="true" />
      <AppNumberTarget>0</AppNumberTarget>
      <IsValidAppNumberTarget xsi:nil="true" />
      <ParentNodeViewModel>
        <ID>1437659277</ID>
        <Children />
        <ParentNodeHeader>TaskType: Task Description: 
ChipType: Unspecified</ParentNodeHeader>
        <TaskIndex>10</TaskIndex>
        <CardType>Unspecified</CardType>
        <IsExpanded>false</IsExpanded>
        <IsSelected>false</IsSelected>
        <IsTask>true</IsTask>
        <IsProgrammingCompletedSuccessfully xsi:nil="true" />
        <IsBeingProgrammed xsi:nil="true" />
      </ParentNodeViewModel>
      <DataAsByteArray />
      <SelectedTaskType>FormatDesfireCard</SelectedTaskType>
      <SelectedTaskIndex>10</SelectedTaskIndex>
      <SelectedTaskDescription>format card</SelectedTaskDescription>
      <IsTaskCompletedSuccessfully xsi:nil="true" />
      <IsValidSelectedAccessBitsTaskIndex>false</IsValidSelectedAccessBitsTaskIndex>
      <Caption>Authenticationdialog UID:[empty] Type:[none]</Caption>
    </anyType>
  </TaskCollection>
</ChipTaskHandlerModel>